cours_id,competence_id
C0001,K01
C0001,K04
C0002,K21
C0002,K02
C0003,K03
C0004,K02
C0005,K04
C0005,K05
C0005,K21
C0006,K04
C0007,K02
C0008,K02
C0009,K05
C0009,K21
C0010,K21
C0011,K01
C0012,K01
C0012,K21
C0013,K02
C0014,K02
C0014,K04
C0015,K05
C0015,K01
C0015,K03
C0016,K02
C0017,K02
C0017,K21
C0017,K03
C0018,K04
C0019,K01
C0019,K04
C0020,K01
C0021,K21
C0021,K04
C0021,K01
C0022,K01
C0023,K04
C0024,K02
C0025,K05
C0026,K21
C0026,K01
C0026,K04
C0027,K04
C0027,K05
C0028,K02
C0028,K05
C0029,K03
C0030,K02
C0030,K21
C0030,K03
C0031,K04
C0031,K03
C0032,K01
C0032,K04
C0032,K05
C0033,K04
C0033,K01
C0033,K05
C0034,K05
C0034,K21
C0035,K04
C0035,K21
C0036,K03
C0036,K01
C0037,K21
C0038,K21
C0038,K02
C0038,K01
C0039,K02
C0039,K04
C0039,K01
C0040,K21
C0040,K03
C0041,K05
C0041,K03
C0041,K21
C0042,K02
C0042,K04
C0043,K03
C0043,K21
C0043,K04
C0044,K05
C0044,K02
C0045,K01
C0046,K01
C0046,K05
C0047,K04
C0047,K02
C0048,K04
C0049,K02
C0050,K05
C0050,K02
C0050,K03
C0051,K04
C0051,K21
C0052,K03
C0052,K05
C0053,K01
C0054,K05
C0054,K03
C0054,K21
C0055,K02
C0055,K03
C0055,K05
C0056,K04
C0056,K21
C0057,K01
C0057,K02
C0057,K04
C0058,K03
C0058,K21
C0058,K02
C0059,K03
C0059,K05
C0059,K21
C0060,K03
C0060,K02
C0061,K05
C0062,K01
C0062,K02
C0062,K04
C0063,K03
C0063,K05
C0064,K21
C0065,K02
C0066,K04
C0067,K01
C0067,K02
C0067,K04
C0068,K03
C0068,K05
C0069,K02
C0069,K03
C0070,K01
C0070,K21
C0071,K01
C0071,K05
C0072,K21
C0072,K04
C0073,K21
C0073,K05
C0074,K01
C0074,K02
C0074,K05
C0075,K04
C0075,K03
C0076,K01
C0077,K01
C0078,K02
C0078,K05
C0079,K04
C0079,K03
C0080,K21
C0080,K02
C0081,K21
C0082,K21
C0082,K01
C0082,K04
C0083,K01
C0084,K04
C0084,K03
C0084,K02
C0085,K05
C0085,K06
C0085,K07
C0086,K05
C0086,K07
C0087,K05
C0088,K22
C0089,K08
C0089,K22
C0090,K09
C0091,K08
C0092,K22
C0093,K08
C0093,K22
C0094,K07
C0094,K08
C0094,K06
C0095,K07
C0095,K09
C0096,K22
C0096,K07
C0096,K08
C0097,K22
C0098,K22
C0098,K08
C0098,K05
C0099,K08
C0099,K22
C0099,K06
C0100,K22
C0100,K07
C0100,K06
C0101,K05
C0102,K06
C0102,K08
C0103,K05
C0104,K08
C0104,K07
C0105,K22
C0106,K07
C0106,K08
C0106,K09
C0107,K08
C0107,K05
C0108,K08
C0108,K09
C0108,K07
C0109,K08
C0110,K08
C0111,K08
C0112,K05
C0113,K22
C0113,K07
C0113,K05
C0114,K06
C0114,K07
C0115,K05
C0115,K07
C0116,K06
C0116,K08
C0116,K05
C0117,K09
C0117,K07
C0117,K08
C0118,K07
C0118,K06
C0118,K09
C0119,K06
C0120,K05
C0120,K07
C0121,K09
C0121,K08
C0122,K09
C0122,K08
C0123,K05
C0123,K22
C0124,K09
C0124,K06
C0124,K08
C0125,K09
C0125,K06
C0126,K09
C0127,K07
C0128,K22
C0129,K07
C0129,K06
C0130,K05
C0130,K07
C0130,K06
C0131,K08
C0131,K06
C0132,K05
C0132,K06
C0132,K22
C0133,K22
C0133,K08
C0134,K09
C0134,K05
C0135,K09
C0135,K05
C0136,K06
C0137,K07
C0137,K08
C0137,K06
C0138,K08
C0138,K05
C0139,K22
C0139,K08
C0140,K09
C0141,K05
C0141,K22
C0141,K08
C0142,K09
C0142,K08
C0143,K08
C0144,K05
C0144,K09
C0144,K08
C0145,K05
C0145,K07
C0145,K08
C0146,K05
C0146,K08
C0146,K22
C0147,K05
C0148,K06
C0148,K09
C0149,K09
C0150,K09
C0150,K08
C0151,K09
C0152,K09
C0153,K07
C0153,K06
C0153,K09
C0154,K06
C0154,K22
C0154,K07
C0155,K08
C0156,K06
C0156,K09
C0157,K05
C0157,K07
C0158,K05
C0158,K07
C0158,K06
C0159,K06
C0160,K07
C0161,K07
C0161,K22
C0161,K08
C0162,K06
C0162,K08
C0162,K05
C0163,K08
C0164,K08
C0165,K08
C0165,K06
C0166,K09
C0166,K08
C0167,K22
C0167,K07
C0168,K08
C0168,K05
C0168,K06
C0169,K08
C0169,K10
C0169,K09
C0170,K09
C0171,K12
C0172,K08
C0173,K12
C0173,K10
C0173,K09
C0174,K09
C0175,K08
C0176,K08
C0176,K12
C0177,K12
C0177,K11
C0178,K08
C0179,K09
C0180,K10
C0181,K08
C0181,K09
C0181,K10
C0182,K12
C0182,K11
C0183,K10
C0183,K12
C0184,K12
C0184,K08
C0185,K09
C0186,K10
C0187,K11
C0188,K09
C0189,K11
C0189,K10
C0189,K12
C0190,K08
C0190,K09
C0190,K12
C0191,K08
C0192,K12
C0192,K08
C0193,K11
C0194,K12
C0194,K09
C0194,K11
C0195,K08
C0195,K09
C0195,K11
C0196,K09
C0197,K12
C0197,K09
C0198,K11
C0199,K12
C0200,K11
C0200,K09
C0201,K11
C0201,K08
C0201,K10
C0202,K09
C0202,K08
C0203,K09
C0204,K11
C0205,K10
C0205,K08
C0205,K11
C0206,K09
C0207,K11
C0207,K09
C0208,K12
C0208,K08
C0208,K09
C0209,K12
C0209,K10
C0209,K11
C0210,K09
C0210,K08
C0210,K12
C0211,K09
C0211,K11
C0212,K08
C0213,K09
C0213,K12
C0214,K08
C0215,K11
C0215,K08
C0216,K09
C0216,K12
C0217,K11
C0218,K11
C0219,K08
C0219,K09
C0220,K11
C0220,K10
C0221,K12
C0221,K10
C0222,K09
C0222,K10
C0222,K12
C0223,K10
C0223,K08
C0224,K12
C0224,K08
C0225,K10
C0225,K12
C0225,K11
C0226,K12
C0226,K08
C0226,K10
C0227,K12
C0228,K10
C0228,K09
C0229,K08
C0229,K11
C0230,K11
C0231,K09
C0232,K08
C0232,K12
C0233,K11
C0233,K12
C0233,K08
C0234,K11
C0234,K10
C0234,K12
C0235,K12
C0236,K11
C0236,K08
C0237,K12
C0238,K11
C0238,K08
C0239,K11
C0240,K08
C0240,K12
C0241,K10
C0241,K12
C0242,K08
C0243,K08
C0244,K12
C0245,K11
C0246,K12
C0246,K08
C0246,K09
C0247,K11
C0248,K11
C0248,K09
C0248,K12
C0249,K08
C0250,K09
C0250,K12
C0251,K08
C0251,K12
C0252,K12
C0252,K10
C0253,K14
C0253,K15
C0253,K16
C0254,K09
C0255,K09
C0255,K13
C0255,K14
C0256,K13
C0257,K09
C0257,K14
C0257,K15
C0258,K16
C0259,K13
C0259,K16
C0259,K09
C0260,K16
C0260,K15
C0261,K14
C0261,K13
C0261,K16
C0262,K13
C0262,K15
C0262,K16
C0263,K09
C0263,K13
C0264,K15
C0265,K09
C0265,K16
C0265,K15
C0266,K14
C0267,K13
C0267,K14
C0268,K16
C0269,K16
C0269,K09
C0269,K13
C0270,K14
C0271,K14
C0271,K16
C0272,K15
C0272,K16
C0272,K09
C0273,K16
C0274,K15
C0275,K13
C0275,K09
C0275,K14
C0276,K13
C0277,K09
C0277,K15
C0277,K14
C0278,K09
C0278,K15
C0279,K16
C0280,K14
C0281,K14
C0281,K09
C0282,K13
C0282,K16
C0282,K15
C0283,K15
C0283,K14
C0283,K16
C0284,K13
C0284,K16
C0284,K14
C0285,K16
C0286,K13
C0287,K15
C0287,K09
C0288,K14
C0289,K15
C0289,K13
C0289,K09
C0290,K16
C0290,K15
C0291,K13
C0291,K15
C0292,K15
C0293,K09
C0294,K13
C0294,K14
C0295,K09
C0296,K13
C0297,K15
C0297,K13
C0298,K14
C0298,K15
C0298,K13
C0299,K09
C0299,K15
C0299,K16
C0300,K13
C0300,K09
C0300,K14
C0301,K16
C0302,K15
C0302,K09
C0302,K16
C0303,K16
C0304,K14
C0305,K15
C0305,K13
C0306,K15
C0306,K14
C0306,K09
C0307,K15
C0307,K16
C0308,K13
C0308,K14
C0309,K16
C0309,K13
C0310,K16
C0310,K14
C0311,K16
C0311,K15
C0312,K15
C0313,K13
C0313,K15
C0314,K15
C0314,K13
C0315,K14
C0316,K16
C0316,K13
C0316,K15
C0317,K09
C0317,K13
C0317,K14
C0318,K14
C0318,K09
C0318,K15
C0319,K16
C0320,K15
C0320,K14
C0321,K09
C0321,K14
C0322,K15
C0322,K13
C0322,K14
C0323,K14
C0323,K15
C0323,K09
C0324,K15
C0324,K13
C0325,K09
C0325,K13
C0325,K14
C0326,K16
C0326,K15
C0326,K14
C0327,K15
C0327,K14
C0327,K16
C0328,K09
C0328,K14
C0328,K16
C0329,K15
C0329,K09
C0329,K13
C0330,K09
C0331,K13
C0332,K15
C0332,K13
C0333,K15
C0334,K16
C0334,K09
C0334,K15
C0335,K13
C0335,K15
C0335,K14
C0336,K09
C0336,K15
C0336,K16
C0337,K21
C0338,K17
C0338,K01
C0338,K16
C0339,K01
C0340,K01
C0340,K16
C0340,K17
C0341,K21
C0342,K17
C0343,K21
C0343,K01
C0344,K01
C0344,K17
C0345,K17
C0345,K01
C0345,K16
C0346,K21
C0347,K16
C0348,K21
C0348,K01
C0349,K01
C0349,K21
C0350,K16
C0350,K21
C0351,K17
C0352,K17
C0352,K21
C0353,K21
C0354,K16
C0354,K01
C0354,K17
C0355,K01
C0355,K21
C0355,K17
C0356,K17
C0357,K16
C0357,K17
C0358,K01
C0359,K01
C0359,K17
C0360,K16
C0361,K01
C0361,K16
C0361,K21
C0362,K01
C0363,K21
C0364,K17
C0364,K16
C0365,K16
C0365,K01
C0366,K17
C0366,K16
C0366,K01
C0367,K01
C0367,K16
C0368,K21
C0369,K17
C0370,K21
C0370,K17
C0370,K01
C0371,K21
C0371,K17
C0371,K01
C0372,K17
C0372,K21
C0373,K01
C0373,K21
C0374,K16
C0374,K21
C0375,K21
C0375,K01
C0375,K17
C0376,K17
C0377,K17
C0377,K21
C0378,K21
C0378,K01
C0378,K16
C0379,K16
C0380,K21
C0380,K16
C0381,K16
C0381,K01
C0381,K21
C0382,K01
C0382,K16
C0382,K21
C0383,K17
C0383,K01
C0383,K16
C0384,K21
C0384,K01
C0385,K16
C0385,K01
C0385,K17
C0386,K01
C0387,K21
C0388,K01
C0388,K17
C0388,K21
C0389,K17
C0389,K21
C0390,K01
C0390,K16
C0390,K21
C0391,K16
C0391,K01
C0392,K21
C0393,K21
C0393,K16
C0394,K21
C0394,K16
C0394,K01
C0395,K16
C0395,K01
C0395,K17
C0396,K17
C0396,K16
C0396,K21
C0397,K21
C0397,K17
C0398,K01
C0398,K21
C0399,K16
C0400,K01
C0401,K01
C0401,K21
C0401,K16
C0402,K16
C0402,K17
C0403,K01
C0403,K21
C0403,K17
C0404,K21
C0404,K16
C0404,K17
C0405,K01
C0405,K17
C0406,K16
C0406,K17
C0406,K01
C0407,K21
C0408,K21
C0408,K17
C0408,K16
C0409,K17
C0409,K01
C0409,K16
C0410,K16
C0410,K21
C0411,K21
C0411,K16
C0412,K17
C0412,K16
C0412,K21
C0413,K21
C0414,K21
C0414,K17
C0415,K21
C0415,K01
C0416,K01
C0417,K16
C0417,K17
C0418,K21
C0419,K01
C0419,K16
C0419,K21
C0420,K17
C0421,K18
C0421,K20
C0421,K02
C0422,K03
C0422,K20
C0422,K19
C0423,K19
C0423,K03
C0424,K19
C0425,K18
C0425,K20
C0425,K02
C0426,K02
C0426,K03
C0426,K19
C0427,K19
C0427,K03
C0427,K18
C0428,K02
C0428,K19
C0429,K03
C0429,K18
C0429,K02
C0430,K02
C0431,K20
C0431,K18
C0431,K02
C0432,K03
C0432,K02
C0432,K20
C0433,K03
C0433,K19
C0433,K02
C0434,K02
C0434,K03
C0434,K18
C0435,K03
C0435,K18
C0435,K19
C0436,K02
C0437,K18
C0438,K02
C0438,K18
C0438,K19
C0439,K18
C0440,K20
C0441,K03
C0441,K20
C0442,K02
C0442,K18
C0442,K19
C0443,K19
C0444,K20
C0445,K18
C0445,K03
C0445,K20
C0446,K20
C0446,K19
C0447,K18
C0448,K19
C0448,K18
C0449,K18
C0449,K03
C0449,K02
C0450,K20
C0450,K19
C0451,K19
C0451,K20
C0452,K02
C0452,K18
C0453,K03
C0454,K03
C0455,K20
C0456,K18
C0457,K19
C0458,K19
C0459,K18
C0459,K02
C0459,K19
C0460,K02
C0460,K03
C0461,K03
C0461,K18
C0461,K20
C0462,K19
C0463,K03
C0463,K19
C0464,K18
C0465,K02
C0465,K18
C0465,K20
C0466,K19
C0466,K20
C0466,K03
C0467,K02
C0467,K03
C0467,K19
C0468,K02
C0469,K02
C0469,K18
C0469,K20
C0470,K20
C0470,K18
C0470,K02
C0471,K02
C0471,K18
C0471,K20
C0472,K02
C0473,K02
C0473,K18
C0474,K03
C0475,K18
C0476,K19
C0476,K03
C0477,K02
C0477,K19
C0478,K03
C0478,K19
C0478,K02
C0479,K02
C0479,K03
C0480,K20
C0480,K02
C0481,K20
C0482,K02
C0483,K19
C0483,K18
C0483,K20
C0484,K02
C0484,K19
C0485,K03
C0485,K02
C0485,K18
C0486,K03
C0486,K18
C0486,K20
C0487,K18
C0487,K19
C0488,K18
C0488,K20
C0488,K03
C0489,K03
C0489,K20
C0490,K03
C0491,K19
C0492,K03
C0492,K20
C0492,K18
C0493,K02
C0493,K19
C0493,K20
C0494,K19
C0494,K03
C0495,K19
C0496,K19
C0496,K18
C0497,K20
C0497,K02
C0497,K19
C0498,K03
C0498,K19
C0499,K18
C0500,K19
C0500,K20
C0501,K20
C0502,K19
C0502,K18
C0502,K20
C0503,K20
C0503,K19
C0503,K03
C0504,K03
C0504,K18
C0504,K20
